{"stat.pickup.minecraft.bone":3,"stat.leaveGame":5,"stat.mineBlock.minecraft.cobblestone":11,"stat.pickup.minecraft.stone_pickaxe":1,"stat.mineBlock.minecraft.yellow_flower":2,"stat.mineBlock.minecraft.brown_mushroom":2,"stat.swimOneCm":9874,"stat.useItem.minecraft.planks":1,"stat.climbOneCm":80,"stat.useItem.minecraft.dirt":218,"stat.pickup.minecraft.rotten_flesh":1,"stat.craftItem.minecraft.furnace":1,"stat.craftItem.minecraft.stone_axe":1,"stat.craftItem.minecraft.spruce_boat":1,"stat.craftItem.minecraft.stone_pickaxe":3,"stat.craftItem.minecraft.cooked_beef":5,"stat.pickup.minecraft.cobblestone":207,"stat.useItem.minecraft.stone_shovel":152,"stat.craftItem.minecraft.stone_sword":1,"stat.flyOneCm":45293,"stat.mineBlock.minecraft.snow_layer":30,"stat.pickup.minecraft.brown_mushroom":2,"stat.craftItem.minecraft.wooden_hoe":1,"stat.timeSinceDeath":9448,"stat.craftItem.minecraft.wooden_pickaxe":2,"stat.pickup.minecraft.double_plant":2,"stat.furnaceInteraction":22,"stat.useItem.minecraft.cooked_porkchop":1,"stat.mineBlock.minecraft.coal_ore":46,"stat.craftItem.minecraft.stone_hoe":1,"stat.pickup.minecraft.string":2,"stat.craftItem.minecraft.leather_helmet":1,"stat.pickup.minecraft.furnace":1,"stat.entityKilledBy.Skeleton":1,"stat.sprintOneCm":58663,"stat.craftItem.minecraft.stick":92,"stat.useItem.minecraft.snowball":6,"stat.useItem.minecraft.wheat_seeds":43,"stat.mineBlock.minecraft.crafting_table":2,"stat.useItem.minecraft.wooden_shovel":61,"stat.useItem.minecraft.dye":8,"stat.deaths":5,"stat.mineBlock.minecraft.planks":6,"stat.playOneMinute":138457,"stat.craftItem.minecraft.wooden_shovel":1,"stat.killEntity.Zombie":3,"stat.pickup.minecraft.snowball":56,"stat.craftItem.minecraft.dye":9,"stat.mineBlock.minecraft.tallgrass":173,"stat.diveOneCm":6366,"stat.pickup.minecraft.wheat":21,"stat.chestOpened":52,"stat.pickup.minecraft.arrow":1,"stat.craftItem.minecraft.cooked_porkchop":5,"stat.pickup.minecraft.stone_axe":1,"stat.craftItem.minecraft.coal":7,"stat.jump":1191,"stat.useItem.minecraft.wooden_hoe":2,"stat.pickup.minecraft.coal":52,"stat.fallOneCm":36244,"stat.useItem.minecraft.stone_axe":42,"stat.craftItem.minecraft.bread":7,"stat.crouchOneCm":18048,"stat.pickup.minecraft.spider_eye":1,"stat.craftItem.minecraft.torch":120,"stat.pickup.minecraft.dirt":297,"stat.craftingTableInteraction":20,"stat.useItem.minecraft.sapling":13,"stat.pickup.minecraft.wooden_pickaxe":1,"stat.damageTaken":1830,"stat.mineBlock.minecraft.torch":1,"stat.mineBlock.minecraft.furnace":1,"stat.useItem.minecraft.wooden_pickaxe":32,"stat.useItem.minecraft.furnace":2,"stat.pickup.minecraft.planks":6,"stat.pickup.minecraft.wheat_seeds":63,"stat.useItem.minecraft.stone_pickaxe":216,"stat.useItem.minecraft.stone_sword":63,"stat.damageDealt":1340,"stat.sleepInBed":1,"stat.mineBlock.minecraft.dirt":268,"stat.useItem.minecraft.crafting_table":2,"stat.craftItem.minecraft.stone_shovel":2,"stat.walkOneCm":343626,"stat.useItem.minecraft.torch":18,"stat.pickup.minecraft.stick":9,"stat.pickup.minecraft.crafting_table":3,"stat.useItem.minecraft.cobblestone":45,"stat.craftItem.minecraft.crafting_table":3,"stat.mineBlock.minecraft.double_plant":19,"stat.breakItem.minecraft.stone_pickaxe":1,"stat.pickup.minecraft.log":61,"stat.pickup.minecraft.stone":1,"stat.pickup.minecraft.sapling":33,"stat.killEntity.Skeleton":2,"stat.pickup.minecraft.beetroot":11,"stat.craftItem.minecraft.planks":136,"stat.killEntity.Spider":1,"stat.pickup.minecraft.stone_sword":1,"stat.mobKills":6,"stat.mineBlock.minecraft.log":58,"stat.useItem.minecraft.stone_hoe":33,"stat.mineBlock.minecraft.leaves":39,"stat.pickup.minecraft.beetroot_seeds":19,"stat.breakItem.minecraft.wooden_shovel":1,"stat.pickup.minecraft.torch":1,"stat.useItem.minecraft.beetroot_seeds":19,"stat.sneakTime":4318,"stat.pickup.minecraft.yellow_flower":1,"stat.mineBlock.minecraft.stone":183,"stat.useItem.minecraft.beetroot":2}