{"stat.chestOpened":7,"stat.leaveGame":4,"stat.pickup.minecraft.stone_pickaxe":4,"stat.useItem.minecraft.rotten_flesh":1,"stat.jump":1471,"stat.swimOneCm":2077,"stat.pickup.minecraft.coal":80,"stat.fallOneCm":29073,"stat.useItem.minecraft.planks":719,"stat.useItem.minecraft.stone_axe":17,"stat.crouchOneCm":57991,"stat.mineBlock.minecraft.chest":1,"stat.craftItem.minecraft.torch":60,"stat.craftItem.minecraft.chest":2,"stat.pickup.minecraft.dirt":451,"stat.useItem.minecraft.dirt":229,"stat.craftingTableInteraction":21,"stat.pickup.minecraft.rotten_flesh":4,"stat.useItem.minecraft.red_flower":4,"stat.useItem.minecraft.sapling":3,"stat.useItem.minecraft.egg":2,"stat.craftItem.minecraft.stone_axe":2,"stat.mineBlock.minecraft.glass_pane":6,"stat.damageTaken":995,"stat.drop.minecraft.ender_pearl":1,"stat.craftItem.minecraft.stone_pickaxe":6,"stat.mineBlock.minecraft.red_flower":2,"stat.mineBlock.minecraft.torch":1,"stat.useItem.minecraft.wooden_pickaxe":60,"stat.pickup.minecraft.cobblestone":1365,"stat.useItem.minecraft.spruce_fence_gate":1,"stat.pickup.minecraft.planks":950,"stat.useItem.minecraft.stone_shovel":167,"stat.mineBlock.minecraft.spruce_fence":1,"stat.craftItem.minecraft.stone_sword":2,"stat.flyOneCm":22582,"stat.pickup.minecraft.wheat_seeds":3,"stat.drop.minecraft.wheat_seeds":2,"stat.useItem.minecraft.stone_pickaxe":367,"stat.useItem.minecraft.cooked_beef":6,"stat.useItem.minecraft.stone_sword":17,"stat.killEntity.Villager":2,"stat.damageDealt":570,"stat.timeSinceDeath":77840,"stat.mineBlock.minecraft.dirt":398,"stat.useItem.minecraft.crafting_table":3,"stat.craftItem.minecraft.wooden_pickaxe":1,"stat.craftItem.minecraft.stone_shovel":3,"stat.walkOneCm":479061,"stat.useItem.minecraft.torch":11,"stat.playerKills":2,"stat.useItem.minecraft.chest":3,"stat.drop.minecraft.wheat":10,"stat.drop.minecraft.rotten_flesh":3,"stat.useItem.minecraft.log":1,"stat.pickup.minecraft.crafting_table":1,"stat.useItem.minecraft.cobblestone":32,"stat.craftItem.minecraft.crafting_table":2,"stat.pickup.minecraft.spruce_fence":1,"stat.furnaceInteraction":2,"stat.drop.minecraft.dirt":5,"stat.mineBlock.minecraft.double_plant":1,"stat.drop.minecraft.beetroot_seeds":6,"stat.mineBlock.minecraft.coal_ore":14,"stat.breakItem.minecraft.stone_pickaxe":2,"stat.talkedToVillager":1,"stat.pickup.minecraft.log":192,"stat.entityKilledBy.Skeleton":2,"stat.useItem.minecraft.spruce_stairs":12,"stat.drop.minecraft.sapling":1,"stat.useItem.minecraft.spruce_fence":21,"stat.pickup.minecraft.sapling":4,"stat.pickup.minecraft.ender_pearl":1,"stat.sprintOneCm":179437,"stat.pickup.minecraft.wooden_door":1,"stat.pickup.minecraft.cooked_beef":64,"stat.craftItem.minecraft.stick":56,"stat.breakItem.minecraft.stone_shovel":1,"stat.pickup.minecraft.beetroot":9,"stat.craftItem.minecraft.planks":754,"stat.killEntity.Chicken":1,"stat.mineBlock.minecraft.crafting_table":1,"stat.craftItem.minecraft.spruce_fence":30,"stat.mobKills":5,"stat.mineBlock.minecraft.log":194,"stat.useItem.minecraft.wooden_door":1,"stat.deaths":2,"stat.mineBlock.minecraft.planks":12,"stat.drop":28,"stat.mineBlock.minecraft.leaves":2,"stat.pickup.minecraft.egg":2,"stat.pickup.minecraft.beetroot_seeds":12,"stat.playOneMinute":137264,"stat.pickup.minecraft.torch":1,"stat.pickup.minecraft.red_flower":4,"stat.useItem.minecraft.beetroot_seeds":6,"stat.sneakTime":12331,"stat.craftItem.minecraft.spruce_stairs":14,"stat.craftItem.minecraft.spruce_fence_gate":1,"stat.killEntity.Zombie":2,"stat.mineBlock.minecraft.stone":407,"stat.mineBlock.minecraft.tallgrass":27,"stat.diveOneCm":2254,"stat.useItem.minecraft.beetroot":9,"stat.breakItem.minecraft.wooden_pickaxe":1,"stat.pickup.minecraft.wheat":10,"stat.pickup.minecraft.chest":1}