{"stat.drop.minecraft.stone_pickaxe":4,"stat.useItem.minecraft.bow":1,"stat.leaveGame":5,"stat.mineBlock.minecraft.cobblestone":1,"stat.pickup.minecraft.stone_pickaxe":4,"stat.useItem.minecraft.diamond_sword":47,"stat.swimOneCm":11485,"stat.climbOneCm":1506,"stat.useItem.minecraft.planks":288,"stat.drop.minecraft.cobblestone":960,"stat.drop.minecraft.coal_block":64,"stat.drop.minecraft.wooden_door":1,"stat.useItem.minecraft.obsidian":38,"stat.useItem.minecraft.dirt":10,"stat.pickup.minecraft.rotten_flesh":3,"stat.craftItem.minecraft.furnace":1,"stat.craftItem.minecraft.stone_axe":1,"stat.drop.minecraft.ender_pearl":1,"stat.pickup.minecraft.cobblestone":368,"stat.useItem.minecraft.anvil":1,"stat.flyOneCm":826571,"stat.useItem.minecraft.ender_pearl":16,"stat.drop.minecraft.wheat_seeds":1,"stat.timeSinceDeath":27178,"stat.craftItem.minecraft.wooden_pickaxe":1,"stat.pickup.minecraft.mutton":13,"stat.drop.minecraft.cooked_mutton":2,"stat.craftItem.minecraft.bed":2,"stat.drop.minecraft.coal":71,"stat.useItem.minecraft.lever":2,"stat.furnaceInteraction":17,"stat.drop.minecraft.flint_and_steel":1,"stat.drop.minecraft.dirt":64,"stat.mineBlock.minecraft.coal_ore":2,"stat.pickup.minecraft.beef":16,"stat.useItem.minecraft.cooked_mutton":5,"stat.entityKilledBy.Skeleton":1,"stat.sprintOneCm":18762,"stat.useItem.minecraft.diamond_block":106,"stat.pickup.minecraft.iron_chestplate":1,"stat.craftItem.minecraft.stick":8,"stat.useItem.minecraft.bed":27,"stat.useItem.minecraft.snowball":20,"stat.useItem.minecraft.flint_and_steel":4,"stat.useItem.minecraft.wheat_seeds":8,"stat.mineBlock.minecraft.crafting_table":1,"stat.useItem.minecraft.ender_eye":112,"stat.deaths":7,"stat.drop":197,"stat.playOneMinute":135843,"stat.useItem.minecraft.wooden_sword":28,"stat.killEntity.Sheep":8,"stat.useItem.minecraft.ladder":10,"stat.pickup.minecraft.snowball":52,"stat.pickup.minecraft.iron_bars":1,"stat.mineBlock.minecraft.tallgrass":8,"stat.craftItem.minecraft.cooked_mutton":13,"stat.diveOneCm":11733,"stat.pickup.minecraft.cooked_mutton":2,"stat.pickup.minecraft.wheat":10,"stat.chestOpened":13,"stat.useItem.minecraft.stone":100,"stat.pickup.minecraft.iron_sword":2,"stat.drop.minecraft.cooked_beef":64,"stat.drop.minecraft.ladder":1,"stat.useItem.minecraft.heavy_weighted_pressure_plate":8,"stat.craftItem.minecraft.coal":21,"stat.useItem.minecraft.bedrock":20,"stat.jump":1075,"stat.useItem.minecraft.iron_trapdoor":1,"stat.pickup.minecraft.coal":4,"stat.fallOneCm":41872,"stat.pickup.minecraft.iron_ingot":2,"stat.useItem.minecraft.stone_axe":16,"stat.crouchOneCm":55913,"stat.craftItem.minecraft.chest":2,"stat.craftItem.minecraft.torch":12,"stat.pickup.minecraft.dirt":99,"stat.craftingTableInteraction":12,"stat.pickup.minecraft.stone_shovel":1,"stat.pickup.minecraft.gold_ore":1,"stat.damageTaken":2825,"stat.pickup.minecraft.leather":16,"stat.pickup.minecraft.feather":1,"stat.useItem.minecraft.wooden_pickaxe":43,"stat.useItem.minecraft.furnace":1,"stat.craftItem.minecraft.wooden_sword":1,"stat.pickup.minecraft.ender_eye":8,"stat.pickup.minecraft.dye":1,"stat.pickup.minecraft.planks":522,"stat.pickup.minecraft.reeds":16,"stat.pickup.minecraft.bed":5,"stat.useItem.minecraft.end_portal_frame":103,"stat.pickup.minecraft.wheat_seeds":26,"stat.damageDealt":826,"stat.sleepInBed":4,"stat.mineBlock.minecraft.dirt":5,"stat.useItem.minecraft.crafting_table":2,"stat.walkOneCm":319527,"stat.useItem.minecraft.torch":15,"stat.useItem.minecraft.chest":2,"stat.drop.minecraft.rotten_flesh":3,"stat.pickup.minecraft.crafting_table":2,"stat.useItem.minecraft.cobblestone":13,"stat.useItem.minecraft.tnt":189,"stat.craftItem.minecraft.crafting_table":1,"stat.useItem.minecraft.lava_bucket":58,"stat.pickup.minecraft.log":43,"stat.pickup.minecraft.iron_pickaxe":1,"stat.pickup.minecraft.stone":28,"stat.drop.minecraft.planks":626,"stat.useItem.minecraft.spruce_stairs":18,"stat.pickup.minecraft.chicken":1,"stat.pickup.minecraft.sapling":9,"stat.useItem.minecraft.glass_pane":447,"stat.pickup.minecraft.end_stone":2,"stat.pickup.minecraft.beetroot":9,"stat.craftItem.minecraft.planks":56,"stat.mobKills":9,"stat.mineBlock.minecraft.log":36,"stat.mineBlock.minecraft.waterlily":1,"stat.useItem.minecraft.wooden_door":6,"stat.useItem.minecraft.spruce_door":1,"stat.mineBlock.minecraft.leaves":17,"stat.pickup.minecraft.beetroot_seeds":9,"stat.useItem.minecraft.beetroot_seeds":3,"stat.sneakTime":15823,"stat.pickup.minecraft.wool":8,"stat.pickup.minecraft.yellow_flower":1,"stat.mineBlock.minecraft.stone":40,"stat.craftItem.minecraft.spruce_door":3}