{"stat.chestOpened":3,"stat.walkOneCm":98694,"stat.pickup.minecraft.stick":9,"stat.leaveGame":1,"stat.pickup.minecraft.crafting_table":2,"stat.craftItem.minecraft.crafting_table":1,"stat.pickup.minecraft.stone_axe":1,"stat.mineBlock.minecraft.double_plant":1,"stat.mineBlock.minecraft.coal_ore":3,"stat.pickup.minecraft.log":26,"stat.useItem.minecraft.rotten_flesh":2,"stat.jump":215,"stat.swimOneCm":2274,"stat.pickup.minecraft.coal":6,"stat.fallOneCm":7234,"stat.useItem.minecraft.planks":77,"stat.pickup.minecraft.beef":9,"stat.entityKilledBy.Skeleton":1,"stat.useItem.minecraft.stone_axe":6,"stat.pickup.minecraft.porkchop":6,"stat.crouchOneCm":7350,"stat.pickup.minecraft.sapling":3,"stat.pickup.minecraft.dirt":28,"stat.sprintOneCm":7404,"stat.craftItem.minecraft.stick":16,"stat.craftingTableInteraction":2,"stat.pickup.minecraft.rotten_flesh":2,"stat.craftItem.minecraft.planks":88,"stat.craftItem.minecraft.stone_axe":1,"stat.pickup.minecraft.wooden_pickaxe":1,"stat.mineBlock.minecraft.crafting_table":1,"stat.damageTaken":568,"stat.pickup.minecraft.leather":5,"stat.pickup.minecraft.stone_sword":1,"stat.craftItem.minecraft.stone_pickaxe":1,"stat.mineBlock.minecraft.red_flower":8,"stat.useItem.minecraft.wooden_pickaxe":22,"stat.pickup.minecraft.cobblestone":30,"stat.mobKills":9,"stat.mineBlock.minecraft.log":25,"stat.pickup.minecraft.planks":25,"stat.craftItem.minecraft.stone_sword":1,"stat.flyOneCm":2528,"stat.deaths":2,"stat.mineBlock.minecraft.planks":5,"stat.pickup.minecraft.wheat_seeds":2,"stat.mineBlock.minecraft.leaves":20,"stat.playOneMinute":26330,"stat.pickup.minecraft.red_flower":6,"stat.sneakTime":2676,"stat.useItem.minecraft.stone_sword":99,"stat.damageDealt":1194,"stat.killEntity.Zombie":2,"stat.timeSinceDeath":6752,"stat.killEntity.Cow":5,"stat.mineBlock.minecraft.dirt":33,"stat.useItem.minecraft.crafting_table":1,"stat.craftItem.minecraft.wooden_pickaxe":1,"stat.mineBlock.minecraft.stone":19,"stat.killEntity.Pig":1,"stat.mineBlock.minecraft.tallgrass":23,"stat.diveOneCm":3064}