{"stat.chestOpened":9,"stat.drop.minecraft.stone_pickaxe":4,"stat.leaveGame":4,"stat.pickup.minecraft.iron_sword":1,"stat.pickup.minecraft.waterlily":1,"stat.mineBlock.minecraft.cobblestone":5,"stat.pickup.minecraft.stone_pickaxe":4,"stat.useItem.minecraft.mutton":2,"stat.jump":687,"stat.swimOneCm":4096,"stat.pickup.minecraft.coal":18,"stat.fallOneCm":29987,"stat.climbOneCm":126,"stat.drop.minecraft.cobblestone":128,"stat.pickup.minecraft.carrot":34,"stat.pickup.minecraft.gunpowder":4,"stat.pickup.minecraft.porkchop":13,"stat.crouchOneCm":3960,"stat.pickup.minecraft.spider_eye":1,"stat.craftItem.minecraft.iron_ingot":15,"stat.pickup.minecraft.dirt":37,"stat.useItem.minecraft.dirt":8,"stat.pickup.minecraft.iron_ore":15,"stat.craftingTableInteraction":2,"stat.pickup.minecraft.rotten_flesh":8,"stat.useItem.minecraft.sapling":1,"stat.damageTaken":2936,"stat.pickup.minecraft.leather":16,"stat.pickup.minecraft.feather":9,"stat.pickup.minecraft.cobblestone":478,"stat.pickup.minecraft.planks":619,"stat.pickup.minecraft.reeds":13,"stat.flyOneCm":42362,"stat.pickup.minecraft.wheat_seeds":30,"stat.pickup.minecraft.potato":33,"stat.useItem.minecraft.stone_pickaxe":125,"stat.damageDealt":3223,"stat.mineBlock.minecraft.iron_ore":15,"stat.timeSinceDeath":10905,"stat.killEntity.Cow":10,"stat.useItem.minecraft.iron_pickaxe":21,"stat.mineBlock.minecraft.dirt":14,"stat.killEntity.Pig":7,"stat.craftItem.minecraft.iron_sword":1,"stat.pickup.minecraft.mutton":2,"stat.walkOneCm":154627,"stat.useItem.minecraft.cobblestone":79,"stat.furnaceInteraction":19,"stat.craftItem.minecraft.crafting_table":1,"stat.mineBlock.minecraft.double_plant":1,"stat.killEntity.ZombieVillager":1,"stat.mineBlock.minecraft.coal_ore":17,"stat.breakItem.minecraft.stone_pickaxe":1,"stat.killEntity.Creeper":1,"stat.pickup.minecraft.log":3,"stat.pickup.minecraft.iron_pickaxe":1,"stat.pickup.minecraft.beef":16,"stat.entityKilledBy.Skeleton":3,"stat.pickup.minecraft.stone":22,"stat.drop.minecraft.planks":619,"stat.craftItem.minecraft.iron_chestplate":1,"stat.pickup.minecraft.chicken":7,"stat.pickup.minecraft.sapling":1,"stat.sprintOneCm":93564,"stat.craftItem.minecraft.stick":4,"stat.pickup.minecraft.beetroot":3,"stat.useItem.minecraft.iron_sword":79,"stat.craftItem.minecraft.planks":12,"stat.killEntity.Chicken":7,"stat.useItem.minecraft.wheat_seeds":14,"stat.killEntity.Spider":1,"stat.useItem.minecraft.carrot":11,"stat.mobKills":29,"stat.pickup.minecraft.book":21,"stat.mineBlock.minecraft.bookshelf":7,"stat.mineBlock.minecraft.log":3,"stat.entityKilledBy.Creeper":3,"stat.mineBlock.minecraft.waterlily":1,"stat.deaths":8,"stat.drop":16,"stat.pickup.minecraft.beetroot_seeds":11,"stat.pickup.minecraft.egg":4,"stat.playOneMinute":51978,"stat.killEntity.Sheep":1,"stat.useItem.minecraft.beetroot_seeds":8,"stat.craftItem.minecraft.iron_pickaxe":1,"stat.sneakTime":1006,"stat.pickup.minecraft.wool":1,"stat.killEntity.Zombie":1,"stat.mineBlock.minecraft.stone":108,"stat.mineBlock.minecraft.tallgrass":11,"stat.diveOneCm":5015,"stat.pickup.minecraft.cooked_mutton":2,"stat.pickup.minecraft.wheat":12}